line,prev_sku,next_sku
14,3BNEBL23,3BNEBL23
14,3BNEBL23,VO13L6M1
14,ED13LCMM,ED13LCMW
14,ED13LCMM,ED13LTMW
14,ED13LCMW,ED13LCMM
14,ED13LCMW,ED13LTMW
14,ED13LCMW,VO13L6M1
14,ED13LTMW,ED13LTW
14,ED13LTMW,VO13LTMN
14,ED13LTW,ED13LCMW
14,ED13LTW,ED13LTCW
14,ED13LTW,ED13LTMW
14,ED13LTW,ED13LTW
14,SK1312MN,SK13L12
14,VO13L6M1,ED13LTMW
14,VO13L6M1,VO13LTMN
14,VO13L6M1,VO13LTP6
14,VO13LTMN,VO13LTP6
17,DL13LT,VO13LTNN
17,ED1312MZ,ED13LP12
17,ED1324MZ,ED13LTW
17,ED13LP12,ED13LTW
17,ED13LP24,ED13P24M
17,ED13LTCW,ED13LTW
17,ED13LTCW,FD13LTNN
17,ED13LTCW,FDL13LN
17,ED13LTFW,ED13LTW
17,ED13LTFW,ED13P24M
17,ED13LTW,ED13LTCW
17,ED13LTW,ED13P12M
17,ED13LTW,ED13P24M
17,ED13LTW,TU13LTN
17,ED13P12M,ED13LTW
17,ED13P24M,ED13LP24
17,ED13P24M,ED13LTCW
17,ED13P24M,ED13LTW
17,FD13LTNN,FDT13LT
17,FDL13LN,ED13LP12
17,FDT13LT,FD13LTNN
17,FDT13LT,KE13LTNN
17,FDT13LT,TU13LTN
17,FDT13LT,VNT13LT
17,KE13LTNN,TU13LTN
17,TU13LTN,VO13LTNN
17,TU13LTN,XI13LTN
17,VNT13LT,FDT13LT
17,VO13LP24,VO13LTNN
17,VO13LTNN,ED13LTW
17,VO13LTNN,ED13P24M
17,VO13LTNN,KE13LTNN
17,VO13LTNN,TU13LTN
17,VO13LTNN,VO13LP24
17,VO13LTNN,XI13LTN
17,VO13PL12,VO13LTNN
19,7BNG3LB2,7BNNNLB0
19,7BNG3LB2,7BNS9LB1
19,7BNS9LB1,EN25LBUK
19,ED12LTW,EX12LTBK
19,ED12LTW,VO12LT
19,ED12LTW,XI12LT
19,ED1312MZ,ED13LP12
19,ED13LP12,ED13LTW
19,ED13LP12,ED13P12M
19,ED13LTW,ED13LP12
19,ED13LTW,ED13P12M
19,ED13P12M,ED1312MZ
19,ED13P12M,ED13LP12
19,ED13P12M,ED13LTW
19,EDB12LBY,EXB12LBY
19,EX1224LB,EX12LB
19,EX12LB,LC12LTW
19,EX1324BN,EX13LTIB
19,EX13L24B,EX13LBUK
19,EX25LBAN,EX25L10A
19,FD13LP12,KE13PL12
19,KE12LTW,ED12LTW
19,KE13PL12,TU13LP12
19,KE13PL12,VO13PL12
19,LC12LTW,VI12LTW
19,TU13LP12,ED13P12M
19,TU13LP12,KE13PL12
19,TU13LP12,VO13P12M
19,VI12LTW,ED12LTW
19,VI12LTW,VO12LT
19,VI12LTX,LC12LTW
19,VO12LT,ED12LTW
19,VO12LT,LC12LTW
19,VO13P12M,ED13P12M
19,VO13P12M,VO13PL12
19,VO13PL12,ED13LP12
19,VO13PL12,ED13P12M
19,VO13PL12,FD13LP12
19,VO13PL12,KE13PL12
19,VO13PL12,VO13P12M
19,XI12LT,ED12LTW
19,XI13L12M,XI13LP12
