sku,line
ECN13L6U,14
SK13L12,14
VI12LTW,19
ED1312MZ,17
3BNWILBM,17
VO13PL12,17
3BNILLB1,14
EX12B24I,19
VO13LTMN,17
ED13LTW,14
FD13LTNN,14
RL13LBAN,17
3BNIGLB0,19
VO13LTFN,17
FDL13LN,17
FDL13L12,17
EX13LBUK,19
CB13LTN,17
DL12LTBF,19
EX13LTBI,19
7BNS9LB1,19
EXB13LTB,19
VNT13LT,17
BO13LT,19
EX1224BI,19
ED13LTMW,14
VO13LTP6,14
XI13LP12,19
ED13LP24,19
ED13LTCW,14
FD13LN,17
FDL13LN,14
VI13LTX,17
ED13LP9,17
5BNNNLB0,19
EXB12LIB,19
3BNILLB1,19
3BVMLLB0,14
EX13LP6S,14
DL13LP4A,19
3BNHJLB2,19
3BNULLB0,19
FDT1312N,14
EX25L10A,19
FD136IN,14
3BNAULD1,14
LC13LTNN,14
DL13LN,17
LC12LTNN,19
EX13L12I,19
ED1312MZ,19
EXB13LTB,14
DL13LT12,17
P03A2025,17
XI13LTN,14
LC13L24,17
XI13L12M,17
DL13LT,17
VO12LT,19
ED13LTCW,19
ED13LP24,14
VO13LTNN,14
KE13LBI,17
EX13LTIB,17
VO13L6M1,14
FDL13L12,19
FDL13LN,19
CB13LTN,19
TUP13LT,17
ENB13LB,14
3BNAGLD5,14
VI13L6AU,14
EX25LBAN,19
VO13P12M,17
3BVMLLB0,19
EX13LUKB,14
ED13LCMW,17
FDT1312N,19
3BNURLB4,19
DL13LMPN,14
TU13LTN,17
CB13L12P,19
VI12LTX,19
3BNAULD1,19
SK13LN,17
KE13LTNN,14
EX12LB,19
ED13LTZT,17
EX13L12K,17
EX1324NB,19
XI13LTN,19
XI13P24F,17
ID12LBN,19
EN13B24I,19
3BNCDLD2,14
XI1312MM,17
RB13L12N,17
VO13LTMN,14
VO13LTNN,19
EN13LB24,19
7BNG3LB2,19
ENB13LB,19
DL13LTMN,14
BO13LT,14
EX13LUKB,19
XI13P24M,17
DL13LN,19
RL25L10A,19
ED13P12M,19
ED13LTFW,17
EDB12LBY,19
EX13L12H,19
VI1312MN,19
VNT13LT,14
DL1312NN,17
VI13LB24,19
EX1224LB,19
XI13L12M,19
3BNEBL23,19
EX1324BN,19
CM13LT,17
EX13LTIB,19
VO13PL12,19
EN13L24B,19
TNT13LT,17
OL13LTN,17
VI13LTX,14
VI1324MM,17
RB13LTN,17
FDT13LT,17
EX12LTBN,19
VI13L6N,14
ED1324MZ,17
SK13LN,19
KE13PL12,17
VO13LP24,17
VO1324M9,17
EX12LBN,19
KNT13LT,17
LST13LTN,17
ED12LTW,14
EX13LTP6,14
EC13LTNN,17
EX13LBLN,14
EX13L24B,19
ED13LTMY,14
EX12LB24,19
DL13LT,14
RB13L12N,19
CM13LT,19
EXB12LBY,19
3BNEBL23,14
BO13LT,17
EX1324BN,14
EXB13LBN,19
DL12LT,19
KE13LBI,14
3BNEBLD2,19
ED13P24M,17
TUP13LT,14
XI13LP12,17
EC13LP6U,14
EX1224LI,19
SK1312MN,14
DIP13L6U,14
ED13LCMW,14
FD13LP12,17
DL1312NN,19
FD12LTBI,19
EXB12BKT,19
TU13LTN,14
FD13LTNN,17
3BNEBL24,19
ED13LTW,17
EN25LBUK,19
SK13LN,14
3BNCPLB2,19
ED12LTW,19
EX13LBAN,19
EX13LBLN,19
ED13LTZT,14
3BVRQLD0,14
ED13LP12,17
7BNS9LB0,19
3BNZFLB1,19
TU13LP12,17
RB13L12N,14
ED13LTMW,17
EXB13LBN,14
3BNEBLD2,14
EX12LTBK,19
ED1324MZ,19
VO13LTP6,17
KE13PL12,19
EX13LH12,17
VO13P12M,19
ED13LTCW,17
XI13L24Y,17
XI12LT,19
7BNG3LB0,19
EX25LBAY,19
CB12LTF,19
3BVMLLB0,17
EX13LTBA,19
3BNEBL24,14
VI12LTN,19
LC12LTW,19
FDT1312N,17
EX13L12K,19
CB13L12P,17
CM13LT,14
XI1316XA,19
FD13LP4A,19
ED13P24M,19
LC13LTNN,17
7BNNNLB0,19
EN12B24I,19
OL13LTN,14
KE12LTW,19
EC13LFN,17
XI1312MM,19
3BNZFLB1,14
3BNZFLB2,19
RB13LTN,14
3BNMSLB0,14
FD13LP12,19
ED13LCMM,17
FDT13LT,14
XI13LTN,17
VI13LN,17
ED13LTW,19
EXB12LBI,19
ED13LP24,17
VO13LTNN,17
LC1324MM,17
5BNNNLB1,19
VO13L6M1,17
EX13L12H,17
ED13LTFW,19
RL25LBAN,19
3BNIGLB0,14
7BNG3LB1,19
EC13LTNN,14
ED13LP12,19
EX13LBUK,14
VI13LP6M,14
EX13LUKB,17
EX13LTBA,14
TU13LP12,19
ED13P12M,17
ED13LTMW,19
ED13LCMM,14
KE13LTNN,17
